{
  "HistGradientBoosting": {
    "accuracy": 0.9369,
    "f1_weighted": 0.9368,
    "train_time_sec": 5.0,
    "confusion_matrix": [
      [
        1622,
        27,
        0,
        0
      ],
      [
        39,
        859,
        80,
        0
      ],
      [
        1,
        76,
        1862,
        121
      ],
      [
        0,
        1,
        111,
        2430
      ]
    ],
    "classification_report": {
      "Low": {
        "precision": 0.9759326113116726,
        "recall": 0.9836264402668283,
        "f1-score": 0.9797644216248867,
        "support": 1649.0
      },
      "Medium": {
        "precision": 0.8920041536863966,
        "recall": 0.878323108384458,
        "f1-score": 0.8851107676455435,
        "support": 978.0
      },
      "High": {
        "precision": 0.9069654164637116,
        "recall": 0.903883495145631,
        "f1-score": 0.9054218332117676,
        "support": 2060.0
      },
      "Severe": {
        "precision": 0.9525676205409643,
        "recall": 0.955940204563336,
        "f1-score": 0.9542509326526605,
        "support": 2542.0
      },
      "accuracy": 0.9369207359247476,
      "macro avg": {
        "precision": 0.9318674505006863,
        "recall": 0.9304433120900634,
        "f1-score": 0.9311369887837145,
        "support": 7229.0
      },
      "weighted avg": {
        "precision": 0.9367088930265073,
        "recall": 0.9369207359247476,
        "f1-score": 0.9368024220827341,
        "support": 7229.0
      }
    }
  },
  "RandomForest": {
    "accuracy": 0.9254,
    "f1_weighted": 0.9259,
    "train_time_sec": 4.4,
    "confusion_matrix": [
      [
        1592,
        55,
        2,
        0
      ],
      [
        25,
        899,
        54,
        0
      ],
      [
        1,
        133,
        1803,
        123
      ],
      [
        2,
        7,
        137,
        2396
      ]
    ],
    "classification_report": {
      "Low": {
        "precision": 0.9827160493827161,
        "recall": 0.9654335961188599,
        "f1-score": 0.973998164576323,
        "support": 1649.0
      },
      "Medium": {
        "precision": 0.8217550274223034,
        "recall": 0.9192229038854806,
        "f1-score": 0.8677606177606177,
        "support": 978.0
      },
      "High": {
        "precision": 0.9033066132264529,
        "recall": 0.875242718446602,
        "f1-score": 0.8890532544378699,
        "support": 2060.0
      },
      "Severe": {
        "precision": 0.9511710996427154,
        "recall": 0.9425649095200629,
        "f1-score": 0.9468484489231377,
        "support": 2542.0
      },
      "accuracy": 0.9254392032092958,
      "macro avg": {
        "precision": 0.914737197418547,
        "recall": 0.9256160319927513,
        "f1-score": 0.919415121424487,
        "support": 7229.0
      },
      "weighted avg": {
        "precision": 0.9272186665914216,
        "recall": 0.9254392032092958,
        "f1-score": 0.9258723639315077,
        "support": 7229.0
      }
    }
  },
  "ExtraTrees": {
    "accuracy": 0.9106,
    "f1_weighted": 0.9111,
    "train_time_sec": 2.1,
    "confusion_matrix": [
      [
        1574,
        71,
        4,
        0
      ],
      [
        30,
        883,
        62,
        3
      ],
      [
        0,
        166,
        1730,
        164
      ],
      [
        0,
        5,
        141,
        2396
      ]
    ],
    "classification_report": {
      "Low": {
        "precision": 0.9812967581047382,
        "recall": 0.9545178896300789,
        "f1-score": 0.9677221026744544,
        "support": 1649.0
      },
      "Medium": {
        "precision": 0.7848888888888889,
        "recall": 0.9028629856850716,
        "f1-score": 0.8397527341892534,
        "support": 978.0
      },
      "High": {
        "precision": 0.8931337119256583,
        "recall": 0.8398058252427184,
        "f1-score": 0.8656492369276958,
        "support": 2060.0
      },
      "Severe": {
        "precision": 0.9348419820522825,
        "recall": 0.9425649095200629,
        "f1-score": 0.9386875612144956,
        "support": 2542.0
      },
      "accuracy": 0.9106377092267257,
      "macro avg": {
        "precision": 0.898540335242892,
        "recall": 0.9099379025194829,
        "f1-score": 0.9029529087514748,
        "support": 7229.0
      },
      "weighted avg": {
        "precision": 0.9132664894718223,
        "recall": 0.9106377092267257,
        "f1-score": 0.9111126200063033,
        "support": 7229.0
      }
    }
  }
}